{"stage":{"0":0,"1":0,"2":0,"3":0,"4":0,"5":2,"6":2,"7":2,"8":2,"9":2,"10":4,"11":4,"12":4,"13":4,"14":4,"15":6,"16":6,"17":6,"18":6,"19":6,"20":8,"21":8,"22":8,"23":8,"24":8,"25":10,"26":20,"27":20,"28":20,"29":20,"30":20,"31":30,"32":30,"33":40,"34":40,"35":40,"36":40,"37":40,"38":50,"39":60,"40":60,"41":60,"42":60,"43":60},"conv":{"0":1,"1":2,"2":3,"3":4,"4":5,"5":1,"6":2,"7":3,"8":4,"9":5,"10":1,"11":2,"12":3,"13":4,"14":5,"15":1,"16":2,"17":3,"18":4,"19":5,"20":1,"21":2,"22":3,"23":4,"24":5,"25":3,"26":1,"27":2,"28":3,"29":4,"30":5,"31":3,"32":4,"33":1,"34":2,"35":3,"36":4,"37":5,"38":4,"39":1,"40":2,"41":3,"42":4,"43":5},"toplayer_epoch":{"0":1,"1":1,"2":1,"3":1,"4":1,"5":1,"6":1,"7":1,"8":1,"9":1,"10":1,"11":1,"12":1,"13":1,"14":1,"15":1,"16":1,"17":1,"18":1,"19":1,"20":1,"21":1,"22":1,"23":1,"24":1,"25":1,"26":1,"27":1,"28":1,"29":1,"30":1,"31":1,"32":1,"33":1,"34":1,"35":1,"36":1,"37":1,"38":1,"39":1,"40":1,"41":1,"42":1,"43":1},"prec1":{"0":1.743999958,"1":2.2920000553,"2":1.9440000057,"3":1.6559998989,"4":2.1759998798,"5":6.273999691,"6":9.7899999619,"7":11.0799999237,"8":10.7179994583,"9":8.1219997406,"10":6.8299999237,"11":11.4019994736,"12":12.5079994202,"13":12.797999382,"14":9.234000206,"15":7.0939998627,"16":11.9200000763,"17":13.4200000763,"18":14.1379995346,"19":9.7859992981,"20":7.3199996948,"21":12.2559995651,"22":14.0219993591,"23":14.986000061,"24":10.7579994202,"25":14.4119997025,"26":7.5359997749,"27":12.9699993134,"28":16.3059997559,"29":17.954000473,"30":13.045999527,"31":18.0599994659,"32":20.0520000458,"33":7.3579998016,"34":14.1599998474,"35":19.0359992981,"36":21.2460002899,"37":15.2239999771,"38":22.0659999847,"39":7.3099999428,"40":14.7079992294,"41":20.6479988098,"42":22.9879989624,"43":16.5019989014},"prec5":{"0":5.28799963,"1":6.7379999161,"2":5.8680000305,"3":5.2339997292,"4":6.6499996185,"5":15.4139995575,"6":21.982000351,"7":24.6519985199,"8":23.9539985657,"9":19.763999939,"10":16.5,"11":24.577999115,"12":27.0939998627,"13":27.7099990845,"14":21.8780002594,"15":16.9499988556,"16":25.5279998779,"17":28.609998703,"18":29.7179985046,"19":22.9759998322,"20":17.2600002289,"21":26.1079998016,"22":29.4319992065,"23":31.1599998474,"24":24.7259998322,"25":30.1539993286,"26":17.6859989166,"27":27.2099990845,"28":33.2119979858,"29":36.0239982605,"30":28.9619998932,"31":35.5680007935,"32":39.0659980774,"33":17.4939994812,"34":29.3759994507,"35":37.0859985352,"36":40.5620002747,"37":32.8759994507,"38":41.8219985962,"39":17.2239990234,"40":30.0719985962,"41":39.233997345,"42":43.0279998779,"43":34.8239974976},"loss_log":{"0":6.6031710849,"1":6.4561774463,"2":6.4559242441,"3":6.5046671683,"4":6.4312249635,"5":5.8574106815,"6":5.4262651065,"7":5.2179286679,"8":5.225659216,"9":5.4989168448,"10":5.7868922989,"11":5.2674232275,"12":5.071558775,"13":4.9927345215,"14":5.3793462161,"15":5.7591070731,"16":5.2229237152,"17":5.0016483487,"18":4.8658198131,"19":5.3403970584,"20":5.741184935,"21":5.1929986169,"22":4.9589983456,"23":4.7941775937,"24":5.2380353177,"25":4.9195543156,"26":5.7360048978,"27":5.1495863824,"28":4.7462423781,"29":4.5152901468,"30":5.0136902435,"31":4.6227797777,"32":4.3437095123,"33":5.7743276613,"34":5.0262267076,"35":4.5366637271,"36":4.2538851686,"37":4.8631329198,"38":4.191575293,"39":5.8146206601,"40":4.976752338,"41":4.4138131888,"42":4.1234805276,"43":4.8247154674}}