{"stage":{"0":0,"1":0,"2":0,"3":0,"4":0,"5":0,"6":0,"7":0,"8":0,"9":0,"10":0,"11":0,"12":0,"13":0,"14":0,"15":0,"16":0,"17":0,"18":0,"19":0,"20":0,"21":0,"22":0,"23":0,"24":0,"25":20,"26":20,"27":20,"28":20,"29":20,"30":20,"31":20,"32":20,"33":20,"34":20,"35":20,"36":20,"37":20,"38":20,"39":20,"40":20,"41":20,"42":20,"43":20,"44":20,"45":20,"46":20,"47":20,"48":20,"49":20,"50":40,"51":40,"52":40,"53":40,"54":40,"55":40,"56":40,"57":40,"58":40,"59":40,"60":40,"61":40,"62":40,"63":40,"64":40,"65":40,"66":40,"67":40,"68":40,"69":40,"70":40,"71":40,"72":40,"73":40,"74":40,"75":60,"76":60,"77":60,"78":60,"79":60,"80":60,"81":60,"82":60,"83":60,"84":60,"85":60,"86":60,"87":60,"88":60,"89":60,"90":60,"91":60,"92":60,"93":60,"94":60,"95":60,"96":60,"97":60,"98":60,"99":60},"conv":{"0":1,"1":1,"2":1,"3":1,"4":1,"5":2,"6":2,"7":2,"8":2,"9":2,"10":3,"11":3,"12":3,"13":3,"14":3,"15":4,"16":4,"17":4,"18":4,"19":4,"20":5,"21":5,"22":5,"23":5,"24":5,"25":1,"26":1,"27":1,"28":1,"29":1,"30":2,"31":2,"32":2,"33":2,"34":2,"35":3,"36":3,"37":3,"38":3,"39":3,"40":4,"41":4,"42":4,"43":4,"44":4,"45":5,"46":5,"47":5,"48":5,"49":5,"50":1,"51":1,"52":1,"53":1,"54":1,"55":2,"56":2,"57":2,"58":2,"59":2,"60":3,"61":3,"62":3,"63":3,"64":3,"65":4,"66":4,"67":4,"68":4,"69":4,"70":5,"71":5,"72":5,"73":5,"74":5,"75":1,"76":1,"77":1,"78":1,"79":1,"80":2,"81":2,"82":2,"83":2,"84":2,"85":3,"86":3,"87":3,"88":3,"89":3,"90":4,"91":4,"92":4,"93":4,"94":4,"95":5,"96":5,"97":5,"98":5,"99":5},"toplayer_epoch":{"0":0,"1":1,"2":2,"3":3,"4":4,"5":0,"6":1,"7":2,"8":3,"9":4,"10":0,"11":1,"12":2,"13":3,"14":4,"15":0,"16":1,"17":2,"18":3,"19":4,"20":0,"21":1,"22":2,"23":3,"24":4,"25":0,"26":1,"27":2,"28":3,"29":4,"30":0,"31":1,"32":2,"33":3,"34":4,"35":0,"36":1,"37":2,"38":3,"39":4,"40":0,"41":1,"42":2,"43":3,"44":4,"45":0,"46":1,"47":2,"48":3,"49":4,"50":0,"51":1,"52":2,"53":3,"54":4,"55":0,"56":1,"57":2,"58":3,"59":4,"60":0,"61":1,"62":2,"63":3,"64":4,"65":0,"66":1,"67":2,"68":3,"69":4,"70":0,"71":1,"72":2,"73":3,"74":4,"75":0,"76":1,"77":2,"78":3,"79":4,"80":0,"81":1,"82":2,"83":3,"84":4,"85":0,"86":1,"87":2,"88":3,"89":4,"90":0,"91":1,"92":2,"93":3,"94":4,"95":0,"96":1,"97":2,"98":3,"99":4},"prec1":{"0":1.1159999371,"1":1.743999958,"2":2.2200000286,"3":2.4759998322,"4":2.7539999485,"5":1.4879999161,"6":2.2920000553,"7":2.8819999695,"8":3.3619999886,"9":3.8420000076,"10":1.1200000048,"11":1.9440000057,"12":2.4759998322,"13":3.2899999619,"14":3.5499999523,"15":0.9979999661,"16":1.6559998989,"17":2.0779998302,"18":2.8320000172,"19":2.9519999027,"20":1.3339999914,"21":2.1759998798,"22":2.7839999199,"23":3.2200000286,"24":3.9259998798,"25":6.0320000648,"26":7.5359997749,"27":7.7279996872,"28":8.5120000839,"29":9.029999733,"30":10.4720001221,"31":12.9699993134,"32":14.4499998093,"33":15.4659996033,"34":16.109998703,"35":13.4099998474,"36":16.3059997559,"37":18.1520004272,"38":19.4099998474,"39":20.4359989166,"40":15.0579996109,"41":17.954000473,"42":19.5240001678,"43":20.8939990997,"44":21.6180000305,"45":10.6519994736,"46":13.045999527,"47":14.531999588,"48":15.6659994125,"49":16.4599990845,"50":6.0759997368,"51":7.3579998016,"52":7.7459998131,"53":8.4079999924,"54":8.8759994507,"55":11.517999649,"56":14.1599998474,"57":15.8059997559,"58":16.9559993744,"59":17.6779994965,"60":15.7239999771,"61":19.0359992981,"62":21.013999939,"63":22.4440002441,"64":23.4259986877,"65":17.9440002441,"66":21.2460002899,"67":22.9300003052,"68":24.2939987183,"69":25.2939987183,"70":12.7259998322,"71":15.2239999771,"72":16.8939990997,"73":18.236000061,"74":19.1119995117,"75":6.0599999428,"76":7.3099999428,"77":7.8619999886,"78":8.2279996872,"79":8.6940002441,"80":11.9679994583,"81":14.7079992294,"82":16.4779987335,"83":17.7299995422,"84":18.3640003204,"85":17.0760002136,"86":20.6479988098,"87":22.6000003815,"88":24.0599994659,"89":25.095998764,"90":19.5,"91":22.9879989624,"92":24.8379993439,"93":26.2399997711,"94":27.1439990997,"95":13.5199995041,"96":16.5019989014,"97":18.1380004883,"98":19.3360004425,"99":20.3020000458},"prec5":{"0":3.9319999218,"1":5.28799963,"2":6.4819998741,"3":7.1779999733,"4":8.0360002518,"5":4.7199997902,"6":6.7379999161,"7":8.1779994965,"8":9.4200000763,"9":10.3979997635,"10":4.0640001297,"11":5.8680000305,"12":7.4659996033,"13":9.0780000687,"14":9.9359998703,"15":3.6919999123,"16":5.2339997292,"17":6.5599999428,"18":8.047999382,"19":8.4580001831,"20":4.3659996986,"21":6.6499996185,"22":7.8279995918,"23":9.0739994049,"24":10.5719995499,"25":15.1279993057,"26":17.6859989166,"27":18.4979991913,"28":19.6000003815,"29":20.2119998932,"30":23.1219997406,"31":27.2099990845,"32":29.4200000763,"33":30.8719997406,"34":31.7379989624,"35":28.9239997864,"36":33.2119979858,"37":35.591999054,"38":37.4020004272,"39":38.7080001831,"40":32.1800003052,"41":36.0239982605,"42":38.313999176,"43":39.8439979553,"44":40.9379997253,"45":25.2059993744,"46":28.9619998932,"47":31.341999054,"48":32.7819976807,"49":34.0979995728,"50":15.2779998779,"51":17.4939994812,"52":18.4479999542,"53":19.4699993134,"54":19.9759998322,"55":24.9919986725,"56":29.3759994507,"57":31.8319988251,"58":33.1399993896,"59":34.2980003357,"60":32.4939994812,"61":37.0859985352,"62":39.6199989319,"63":41.6040000916,"64":42.8779983521,"65":36.2879981995,"66":40.5620002747,"67":42.9239997864,"68":44.5299987793,"69":45.7679977417,"70":28.5659999847,"71":32.8759994507,"72":35.3040008545,"73":36.9679985046,"74":38.2719993591,"75":15.1119995117,"76":17.2239990234,"77":18.3559989929,"78":19.063999176,"79":19.7259998322,"80":25.6459999084,"81":30.0719985962,"82":32.5900001526,"83":34.1079978943,"84":35.2760009766,"85":34.5260009766,"86":39.233997345,"87":41.9319992065,"88":43.7719993591,"89":45.2539978027,"90":38.6800003052,"91":43.0279998779,"92":45.3219985962,"93":47.0879974365,"94":48.2739982605,"95":30.2839984894,"96":34.8239974976,"97":37.077999115,"98":38.7220001221,"99":39.986000061},"loss_log":{"0":6.7013168825,"1":6.6031710849,"2":6.5345149332,"3":6.4787960818,"4":6.4323746475,"5":6.597289003,"6":6.4561774463,"7":6.3622394925,"8":6.288995195,"9":6.2266699571,"10":6.5939247069,"11":6.4559242441,"12":6.3691449759,"13":6.2886071104,"14":6.2268789163,"15":6.6292147035,"16":6.5046671683,"17":6.4262669405,"18":6.3512818105,"19":6.3025207681,"20":6.5876893333,"21":6.4312249635,"22":6.338595808,"23":6.2683276845,"24":6.2015578346,"25":5.871436147,"26":5.7360048978,"27":5.6974044022,"28":5.6379325302,"29":5.6151136494,"30":5.4139710158,"31":5.1495863824,"32":5.0114121031,"33":4.9155398155,"34":4.8496307883,"35":5.0384726958,"36":4.7462423781,"37":4.5909930304,"38":4.4846985498,"39":4.4082463741,"40":4.7749884688,"41":4.5152901468,"42":4.3796657449,"43":4.286582498,"44":4.2238221347,"45":5.3875565134,"46":5.0136902435,"47":4.8355093312,"48":4.7216113063,"49":4.6410268686,"50":5.9062863298,"51":5.7743276613,"52":5.7272869695,"53":5.6673353586,"54":5.6609621901,"55":5.3063638437,"56":5.0262267076,"57":4.8791642233,"58":4.7779768112,"59":4.7081948351,"60":4.8583661844,"61":4.5366637271,"62":4.3679245941,"63":4.2532875742,"64":4.1707710529,"65":4.5385892761,"66":4.2538851686,"67":4.1089440689,"68":4.0103848296,"69":3.944430242,"70":5.2997341956,"71":4.8631329198,"72":4.6557715366,"73":4.5258537582,"74":4.4340590025,"75":5.952948833,"76":5.8146206601,"77":5.7592852155,"78":5.7041605942,"79":5.7085016722,"80":5.2642607626,"81":4.976752338,"82":4.824665004,"83":4.7201068806,"84":4.6482742709,"85":4.746598488,"86":4.4138131888,"87":4.2395903773,"88":4.1221136021,"89":4.03761479,"90":4.4225691623,"91":4.1234805276,"92":3.9740585335,"93":3.8720020944,"94":3.8041614732,"95":5.3167817345,"96":4.8247154674,"97":4.5899052425,"98":4.445347715,"99":4.3446617995}}